site,sample_id,sample_type,estab_date,pith_inside,death_date,age,event_date,dbh_cm
bald,bald_core_1,core,1826,pith,1984,158,1987,42.4
bald,bald_core_2,core,1659,pith,2008,349,2012,35.6
bald,bald_core_3,core,1578,pith,2011,433,2012,na
bald,bald_core_4,core,1646,pith,2008,362,2012,na
bald,bald_log_1,log,1573,pith,1912,339,1910,na
bald,bald_log_2,log,1578,pith,1916,338,1910,na
bald,bald_log_3,log,1736,pith,1914,178,1910,na
bald,bald_log_4,log,1658,pith,1911,253,1910,30.1
bald,bald_log_5,log,1717,pith,1920,203,1910,32
bald,bald_log_6,log,1715,pith,1911,196,1910,31.8
bald,bald_log_7,log,1770,inside,1942,172,1945,33
bald,bald_log_8,log,1602,pith,1902,300,1910,40.6
bald,bald_log_9,log,1592,pith,1904,312,1910,33
bald,bald_log_10,log,1603,pith,1908,305,1910,50.8
bald,bald_log_11,log,1582,pith,1868,286,1868,35.6
bald,bald_log_12,log,1640,inside,1940,300,1945,47
bald,bald_log_13,log,1691,inside,1940,249,1945,na
bald,bald_log_14,log,1652,inside,1900,248,1889,na
bald,bald_log_15,log,1730,pith,1914,184,1910,na
bald,bald_log_16,log,1657,pith,1912,255,1910,na
bald,bald_log_17,log,1726,pith,1912,186,1910,na
cam,cam_core_1,core,1751,pith,2008,257,2012,35.6
cam,cam_core_2,core,1794,pith,2007,213,2012,30.5
cam,cam_core_3,core,1848,pith,2007,159,2012,35.6
cam,cam_core_4,core,1721,pith,2007,286,2012,30.5
cam,cam_core_5,core,1724,pith,2007,283,2012,30.5
cam,cam_core_6,core,1757,pith,2007,250,2012,33
cam,cam_core_7,core,1919,inside,2007,88,2012,30.5
cam,cam_log_1,log,1660,pith,1907,247,1910,38.1
cam,cam_log_2,log,1646,pith,1890,244,1889,30.5
cam,cam_log_3,log,1750,inside,1899,149,1889,55.9
cam,cam_log_4,log,1651,pith,1881,230,1889,22.9
cam,cam_log_5,log,1651,pith,1879,228,1889,25.4
cam,cam_log_6,log,1641,pith,1912,271,1910,30.5
cam,cam_log_7,log,1632,pith,1906,274,1910,22.9
cam,cam_log_8,log,1658,pith,1907,249,1910,30.5
cam,cam_log_9,log,1666,pith,1911,245,1910,25.4
cam,cam_log_10,log,1651,pith,1890,239,1889,30.5
cam,cam_log_11,log,1761,pith,1904,143,1910,30.5
cam,cam_log_12,log,1728,pith,1914,186,1910,45.7
cam,cam_log_13,log,1660,pith,1891,231,1889,25.4
cam,cam_log_14,log,1635,pith,1898,263,1889,na
cam,cam_log_15,log,1677,pith,1891,214,1889,27.9
cam,cam_log_16,log,1644,pith,1900,256,1889,45.7
dead,dead_core_1,core,1834,pith,2010,176,2012,45.7
dead,dead_core_2,core,1777,pith,2008,231,2012,38.1
dead,dead_log_1,log,1670,inside,1890,220,1889,na
dead,dead_log_2,log,1739,pith,1911,172,1910,55.9
dead,dead_log_3,log,1636,pith,1921,285,1910,66
dead,dead_log_4,log,1667,pith,1912,245,1910,50.8
dead,dead_log_5,log,1817,pith,2009,192,2012,31
dead,dead_log_6,log,1687,inside,1897,210,1889,30.5
dead,dead_log_7,log,1753,pith,1911,158,1910,na
dead,dead_log_8,log,1669,pith,1914,245,1910,33
dead,dead_log_9,log,1586,pith,1897,311,1889,na
dead,dead_log_10,log,1669,pith,1889,220,1889,na
dead,dead_log_11,log,1791,pith,1905,114,1910,na
dead,dead_log_12,log,1620,pith,1911,291,1910,na
dead,dead_log_13,log,1697,pith,1908,211,1910,na
dead,dead_log_14,log,1585,pith,1880,295,1889,na
dmr,dmr_core_1,core,1711,pith,2012,301,2012,50.8
dmr,dmr_core_2,core,1674,pith,2011,337,2012,33.8
dmr,dmr_core_3,core,1768,pith,2012,244,2012,32.1
dmr,dmr_core_4,core,1761,pith,2012,251,2012,40.6
dmr,dmr_core_5,core,1716,pith,2012,296,2012,50.8
dmr,dmr_core_6,core,1716,pith,2012,296,2012,35.6
dmr,dmr_core_7,core,1677,pith,2011,334,2012,50.8
dmr,dmr_core_8,core,1732,pith,2012,280,2012,30.5
dmr,dmr_core_9,core,1699,pith,2012,313,2012,43.2
dmr,dmr_log_1,log,1737,pith,1902,165,1910,27.9
dmr,dmr_log_2,log,1668,pith,2012,344,2012,30.5
dmr,dmr_log_3,log,1665,pith,1914,249,1910,25.4
dmr,dmr_log_4,log,1640,pith,1914,274,1910,27.9
dmr,dmr_log_5,log,1678,pith,1912,234,1910,33
dmr,dmr_log_6,log,1726,pith,1889,163,1889,na
dmr,dmr_log_7,log,1636,pith,1911,275,1910,55.9
dmr,dmr_log_8,log,1705,pith,1915,210,1910,30
dmr,dmr_log_9,log,1592,pith,1914,322,1910,41.4
dmr,dmr_log_10,log,1755,pith,1912,157,1910,na
dmr,dmr_log_11,log,1634,pith,1912,278,1910,35.6
dmr,dmr_log_12,log,1662,pith,1920,258,1910,33
dmr,dmr_log_13,log,1684,pith,1915,231,1910,33
dmr,dmr_log_14,log,1677,pith,1902,225,1910,22.9
dmr,dmr_log_15,log,1714,pith,1894,180,1889,25.4
dmr,dmr_log_16,log,1712,pith,1915,203,1910,33
dmr,dmr_log_17,log,1670,pith,2012,342,2012,55.9
grr,grr_log_1,log,1698,pith,1942,244,1945,45.7
grr,grr_log_2,log,1686,pith,1911,225,1910,na
grr,grr_log_3,log,1697,pith,1983,286,1987,53.3
grr,grr_log_4,log,1700,pith,1909,209,1910,32.5
grr,grr_log_5,log,1711,pith,1919,208,1910,81.3
grr,grr_log_6,log,1702,pith,1990,288,1987,72.4
grr,grr_log_7,log,1715,pith,1913,198,1910,40.1
grr,grr_log_8,log,1722,inside,1908,186,1910,100.3
grr,grr_log_9,log,1699,pith,1878,179,1889,100.8
grr,grr_log_10,log,1699,pith,1915,216,1910,30.5
grr,grr_log_11,log,1634,pith,1916,282,1910,30.5
grr,grr_log_12,log,1703,inside,1869,166,1868,50.8
grr,grr_log_13,log,1628,pith,1914,286,1910,45.7
grr,grr_log_14,log,1797,inside,1949,152,1945,43.2
grr,grr_log_15,log,1698,pith,1904,206,1910,35.6
man,man_core_1,core,1742,pith,2015,273,2012,30.5
man,man_core_2,core,1707,pith,2011,304,2012,43.2
man,man_core_3,core,1931,pith,2010,79,2012,25.4
man,man_log_1,log,1646,pith,1903,257,1910,40.6
man,man_log_2,log,1671,pith,1909,238,1910,33
man,man_log_3,log,1681,pith,1909,228,1910,40.6
man,man_log_4,log,1699,pith,1909,210,1910,43.2
man,man_log_5,log,1756,inside,1904,148,1910,35.6
man,man_log_6,log,1671,pith,1907,236,1910,25.4
man,man_log_7,log,1702,pith,1910,208,1910,40.6
man,man_log_8,log,1730,pith,1944,214,1945,33
man,man_log_9,log,1710,pith,1947,237,1945,40.6
man,man_log_10,log,1690,pith,1908,218,1910,27.9
man,man_log_11,log,1684,inside,1899,215,1889,40.6
man,man_log_12,log,1720,inside,1908,188,1910,25.4
may,may_core_1,core,1700,inside,2010,310,2012,39
may,may_core_2,core,1748,inside,2010,262,2012,37.8
may,may_log_1,log,1663,pith,1915,252,1910,na
may,may_log_2,log,1583,pith,1910,327,1910,na
may,may_log_3,log,1639,pith,1916,277,1910,na
may,may_log_4,log,1652,pith,1915,263,1910,32.3
may,may_log_5,log,1555,pith,1909,354,1910,36.5
may,may_log_6,log,1572,pith,1909,337,1910,na
may,may_log_7,log,1658,pith,1915,257,1910,34.5
may,may_log_8,log,1643,pith,1905,262,1910,25.4
may,may_log_9,log,1633,inside,1910,277,1910,na
may,may_log_10,log,1599,pith,1911,312,1910,na
may,may_log_11,log,1557,pith,1910,353,1910,na
may,may_log_12,log,1569,pith,1914,345,1910,na
may,may_log_13,log,1524,pith,1917,393,1910,na
may,may_log_14,log,1550,pith,1915,365,1910,na
pbr,pbr_core_1,core,1783,pith,2008,225,2012,na
pbr,pbr_log_1,log,1705,pith,1915,210,1910,na
pbr,pbr_log_2,log,1676,pith,1908,232,1910,33
pbr,pbr_log_3,log,1687,pith,1904,217,1910,22.9
pbr,pbr_log_4,log,1670,pith,1903,233,1910,30.5
pbr,pbr_log_5,log,1716,pith,1905,189,1910,33
pbr,pbr_log_6,log,1715,pith,1911,196,1910,35.6
pbr,pbr_log_7,log,1697,pith,1911,214,1910,43.2
pbr,pbr_log_8,log,1725,pith,1908,183,1910,25.4
pbr,pbr_log_9,log,1692,pith,1914,222,1910,na
pbr,pbr_log_10,log,1688,pith,1909,221,1910,na
pbr,pbr_log_11,log,1764,pith,1921,157,1910,na
pen,pen_core_1,core,1741,pith,2008,267,2012,35.5
pen,pen_core_2,core,1748,pith,2008,260,2012,30.4
pen,pen_core_3,core,1739,pith,2005,266,2012,26.6
pen,pen_core_4,core,1817,pith,2011,194,2012,30.4
pen,pen_core_5,core,1740,pith,2007,267,2012,35.5
pen,pen_log_1,log,1742,pith,1987,245,1987,27.9
pen,pen_log_2,log,1826,inside,1950,124,1945,33
pen,pen_log_3,log,1730,pith,1946,216,1945,22.8
pen,pen_log_4,log,1757,pith,1942,185,1945,27.9
pen,pen_log_5,log,1728,pith,1881,153,1889,na
pen,pen_log_6,log,1678,pith,1910,232,1910,35.5
pen,pen_log_7,log,1772,inside,1906,134,1910,27.9
pen,pen_log_8,log,1671,pith,1886,215,1889,22.8
pen,pen_log_9,log,1769,inside,1900,131,1889,na
pen,pen_log_10,log,1709,inside,1882,173,1889,33
pen,pen_log_11,log,1835,pith,1940,105,1945,25.4
pen,pen_log_12,log,1729,inside,1948,219,1945,27.9
pen,pen_log_13,log,1669,inside,1903,234,1910,33
pet,pet_core_1,core,1894,inside,2009,115,2012,30.5
pet,pet_core_2,core,1784,inside,2008,224,2012,22.9
pet,pet_core_3,core,1712,pith,2008,296,2012,33
pet,pet_log_1,log,1697,pith,1911,214,1910,30.5
pet,pet_log_2,log,1713,pith,1945,232,1945,25.4
pet,pet_log_3,log,1737,pith,1945,208,1945,27.9
pet,pet_log_4,log,1654,pith,1916,262,1910,38.1
pet,pet_log_5,log,1728,pith,1912,184,1910,48.3
pet,pet_log_6,log,1663,pith,1910,247,1910,48.3
pet,pet_log_7,log,1741,pith,1950,209,1945,40.6
pet,pet_log_8,log,1670,pith,1911,241,1910,na
pet,pet_log_9,log,1660,pith,1911,251,1910,33
pet,pet_log_10,log,1697,pith,1945,248,1945,50.8
pet,pet_log_11,log,1734,pith,1942,208,1945,na
pet,pet_log_12,log,1752,inside,1909,157,1910,30.5
pet,pet_log_13,log,1699,pith,2009,310,2012,27.9
pet,pet_log_14,log,1720,pith,2008,288,2012,30.5
pet,pet_log_15,log,1716,pith,1910,194,1910,22.9
pet,pet_log_16,log,1696,pith,1908,212,1910,22.9
zim,zim_log_1,log,1898,pith,1987,89,1987,na
zim,zim_log_2,log,1865,pith,2008,143,2012,na
zim,zim_log_3,log,1728,pith,1907,179,1910,39
zim,zim_log_4,log,1768,pith,1909,141,1910,23
zim,zim_log_5,log,1820,pith,1907,87,1910,20.9
zim,zim_log_6,log,1828,pith,1886,58,1889,na
zim,zim_log_7,log,1860,pith,1943,83,1945,na
zim,zim_log_8,log,1728,pith,1943,215,1945,41.8
zim,zim_log_9,log,1777,pith,1940,163,1945,27.7
zim,zim_log_10,log,1808,pith,1940,132,1945,na
zim,zim_log_11,log,1775,pith,1940,165,1945,29.5
zim,zim_log_12,log,1810,pith,1944,134,1945,na
